,"Total, MF (€)","Total, M (€)","Total, F (€)","Primary CAE: A, MF (€)","Primary CAE: A, M (€)","Primary CAE: A, F (€)","Secondary CAE: B - F, MF (€)","Secondary CAE: B - F, M (€)","Secondary CAE: B - F, F (€)","Tertiary CAE: G - U, MF (€)","Tertiary CAE: G - U, M (€)","Tertiary CAE: G - U, F (€)"
Portugal,1247.21,1344.67,1128.5,949.72,970.11,895.39,1177.8,1235.51,1046.48,1288.54,1436,1154.37
Continente,1250.75,1349.35,1130.87,949.69,970.99,894.12,1178.66,1238.06,1045.92,1293.93,1442.82,1158.29
Norte,1145.23,1230.89,1037.52,909.86,930.88,856,1083.99,1152.3,954.47,1195.13,1318.68,1080.46
Alto Minho,1057.21,1126.88,979.58,881.59,928.69,774.2,1087.35,1149.53,984.07,1037.27,1109.54,980.53
Arcos de Valdevez,985.15,1049.99,931.12,820.57,845.28,773.89,1014.7,1079.94,946.33,948.75,1002.93,917.33
Caminha,918.06,946.57,887.48,865.2,908.95,788.94,936.88,933.66,954.73,916.01,960.08,886.51
Melgaço,913.56,962.45,875.29,764.47,797.91,697.58,875.04,867.81,889.42,937.13,1070.33,874.46
Monção,946.53,1012.97,870.95,834.25,861.71,768.33,977.22,998.06,908.4,935.26,1038.58,865.47
Paredes de Coura,964.2,1021.48,911.66,839.22,854.68,761.93,1010.63,1085.85,924.67,929.21,966.16,905.4
Ponte da Barca,902.82,943.01,858.91,940.71,987.58,748.04,933.6,954.74,820.74,886.79,925.15,865.07
Ponte de Lima,960.26,1002.07,911.55,799,830.1,756.23,958.52,974.2,938.05,969.22,1047.02,890.36
Valença,1004.89,1090.86,912.87,774.39,771.46,780.46,1193.53,1301.45,1018.96,939.27,997.89,885.7
Viana do Castelo,1153.04,1228.21,1062.97,994.19,1063.14,792.26,1165.14,1239.98,1006.32,1146.77,1219.54,1090.55
Vila Nova de Cerveira,1129.99,1225.03,1024.21,910.08,922.52,847.87,1182.35,1286.21,1069.31,1014.07,1098.64,918.43
Cávado,1088.49,1165.69,989.5,807.4,826.47,771.96,1054.43,1111.36,950.31,1126.79,1246.11,1018.06
Amares,984.23,1045.54,872.98,850.26,880.9,817.12,956.79,961.06,938.12,1016.6,1161.92,857.66
Barcelos,999.18,1070.92,924.3,795.54,817.46,752.26,975.97,1050.21,890.03,1053.44,1133.85,986.79
Braga,1186.4,1269.1,1071,805.13,807.98,797.58,1179.21,1215.05,1086.85,1192.44,1322.66,1065.89
Esposende,1002.53,1061.05,917.33,770.28,798.42,726.98,1012.16,1049.62,924.1,996.97,1100.7,916.94
Terras de Bouro,949.44,1114.63,798.84,733.98,733.98,//,1415.98,1493.3,993.48,837.4,918.06,786.96
Vila Verde,918,948.95,876.58,831.47,850.68,786.13,866.55,897.66,794.12,974.67,1040.52,924.03
Ave,1030.34,1111.92,931.27,791.69,799.53,768.47,1025.76,1122.2,884.27,1041.64,1101.63,987.34
Cabeceiras de Basto,847.31,876.44,813.86,808.31,816.83,672.03,766.3,796.19,722.17,896.73,939.59,856.79
Fafe,883.52,917.87,849.36,734.2,750.24,692.98,841.68,886.87,793.8,941.22,965.02,919.63
Guimarães,1013.72,1061.37,956.64,795.12,806.32,755.23,978.33,1039.31,889.93,1072.87,1113.61,1037
Mondim de Basto,834.75,837.16,830.33,723.04,720.68,728.82,771.72,773.59,763.47,884.39,911.67,852.76
Póvoa de Lanhoso,882.69,897.88,868.34,781.77,779.93,785.85,854.73,866.94,840.59,912.27,939.85,891.35
Vieira do Minho,855.3,872.62,835.89,812.29,778.36,883.54,771.31,772.92,763.16,883.19,939.14,841.53
Vila Nova de Famalicão,1135.77,1265.68,957.77,803.58,812.2,786.93,1168.21,1308.85,930.2,1085.54,1180.91,993.01
Vizela,904.89,973.72,838.59,714.08,720.09,700.03,885.36,961.14,807.95,951.56,1008.72,903.79
A. M. Porto,1257.11,1358.6,1126.77,1029.06,1055.28,950.36,1191.31,1259.2,1045.63,1293.58,1433.89,1154.31
Arouca,975.63,1033.89,879.29,914.42,932.76,802.83,1006.96,1065.23,862.79,936.29,987.72,896.36
Espinho,1002.26,1074.63,939.09,998.94,1074.24,…,1050.55,1087.08,984.89,978.54,1064.26,926.25
Gondomar,1046.37,1092.18,987.42,907.81,874.55,972.81,998.05,1023.23,930.6,1071.93,1147.85,1002.61
Maia,1297.46,1421.19,1120.41,815.49,835.88,789.18,1300.63,1359.25,1160.05,1297.19,1457.7,1110.22
Matosinhos,1387.5,1534.05,1208.28,991.36,1047.84,874.36,1502.48,1555.2,1327.21,1358.01,1526.91,1194.46
Oliveira de Azeméis,1172.21,1292.91,964.93,817.29,878.58,770.15,1216.05,1330,976.64,1065.85,1174.89,948.11
Paredes,960.88,994.14,904.63,992.12,881.99,1060.15,913.51,939.94,847.97,1025.21,1097.77,947.54
Porto,1498.25,1676.98,1316.61,1655.12,1849.11,1146.55,1572.17,1649.04,1389.27,1491.19,1680.32,1312.89
Póvoa de Varzim,1029.65,1092.46,958.63,1089.82,1129.94,955,954.93,1017.39,850.2,1065.97,1144.75,1000.56
Santa Maria da Feira,1126.41,1212.37,1001.01,1039.67,991.38,1229.11,1149.71,1225.93,1018.04,1096.55,1193.39,982.81
Santo Tirso,1040.92,1122.17,941.22,892.96,914.21,829.22,1045.93,1126.51,920.29,1035.52,1119.95,968.58
São João da Madeira,1146.21,1278.5,1012.47,…,…,//,1170.15,1289.26,1026.17,1118.87,1264.07,999.46
Trofa,1145.1,1203.67,1047.89,760.92,756.23,771.27,1212.14,1271.1,1108.32,1070.21,1125.91,984.34
Vale de Cambra,1183.24,1309.01,993.06,727.54,751.74,663,1224.52,1312.15,1039.4,1072.14,1301.04,926.69
Valongo,1116.97,1178.78,1015.36,826.38,848.39,696.55,1127.16,1153.08,1055.02,1111.97,1210.5,999.28
Vila do Conde,1172.35,1254.3,1053.43,986.49,1006.16,902.11,1192.91,1281.15,1026.53,1170.87,1258.66,1074.5
Vila Nova de Gaia,1203.08,1272.54,1110.35,1346.66,1292.79,1466.03,1169.27,1207.72,1068.58,1219.92,1321.24,1121.27
Alto Tâmega,975.61,1045.52,890.27,876.19,857.02,943.94,1041.68,1063.07,937.9,943.3,1036.45,882.56
Boticas,854.88,886.15,826.75,721.6,724.59,…,840.59,857.76,815.56,880.8,984.62,834.33
Chaves,1002,1084.42,906.91,1021.34,985.62,1111.47,1071.3,1086.32,988.19,975.12,1086.26,896.88
Montalegre,920.55,964.33,868.76,830.96,817.39,883.73,941.74,950.89,886.87,917.29,1003.99,866.4
Ribeira de Pena,1169.48,1292.5,917.55,1126.27,1188.15,…,1352.86,1368.22,1204.93,930.93,1050.32,862.71
Valpaços,863.61,845.78,881.4,731.26,748.26,667.54,842.42,825.3,918.34,874.88,868.83,878.33
Vila Pouca de Aguiar,946.55,993.93,870.49,728.07,718.19,747.84,976.33,990.29,893.54,929.07,1012.58,867.94
Tâmega e Sousa,936.96,981.62,876.49,799.37,808,773.76,902.06,953.64,811.96,998.38,1051.53,951.25
Amarante,950.61,980.28,899.85,775.67,763.58,800.19,924.82,948.41,833.25,985.03,1054.8,929.43
Baião,942.14,1002.59,834.69,841.51,930.23,720.85,960.71,1010.86,778.32,923.11,988.58,871.56
Castelo de Paiva,886.62,929.6,845.04,768.31,762.53,793.27,871.99,914.74,820.15,919.98,995.14,874.93
Celorico de Basto,845.04,888.2,789.02,743.13,751,694.75,850.24,901.5,747.7,844.07,876.48,821.11
Cinfães,947.02,978.73,819.27,776.18,830.75,667.05,979.55,986.93,858.94,867.9,939.7,811.2
Felgueiras,908.91,972.57,834.73,779.96,766.37,824.69,891.83,960.37,808.75,963.51,1020.69,905.72
Lousada,893.75,952.72,818.15,948.41,981.52,869.32,855.32,921.88,769.62,961.9,1008.12,903.76
Marco de Canaveses,904.22,944.21,826.7,815.93,832.11,751.22,896.84,931.8,783.78,918.1,978.91,858.54
Paços de Ferreira,933.65,985.5,867.47,737.2,766.58,649.07,884,922.66,832.46,1023.23,1105.43,926.39
Penafiel,1037.06,1065.41,1006.59,794.91,797.59,784.74,948.86,1012.24,844.25,1138.18,1165.06,1120.4
Resende,880.1,920.45,822.52,783.64,803.88,715.13,940.71,948.48,856.58,853.9,904.27,823.79
Douro,993.68,1028.49,954.91,889.71,905.57,854.02,998.08,993.55,1012.4,1001.82,1075.09,950.13
Alijó,950.64,1016.09,883.08,985.14,1025.08,867.49,1066.33,1101.69,1000.92,897.35,957.67,855.68
Armamar,906.84,938.64,864.19,843.16,868.15,774.09,898.46,910.23,862.96,930.78,1005.45,876.8
Carrazeda de Ansiães,882.55,921.87,845.39,819.09,833.42,790.43,870.44,887.61,756.38,891.77,959.52,853.1
Freixo de Espada à Cinta,900.71,920.41,883.16,875.56,787.91,…,887.78,870.79,1034.99,906.51,990.22,871.08
Lamego,958.03,998.22,911.5,775.22,777.02,769.89,924.35,933.77,893.96,985.95,1078.97,918.99
Mesão Frio,855.91,908.18,806.17,766.38,756.9,788.52,817.27,829.12,735.36,880.69,1024.46,811.85
Moimenta da Beira,877.37,946.47,805.97,792.51,815.66,751.52,888.31,912.36,773.88,882.38,997.26,812.6
Murça,938.01,932.69,944.07,955.3,1034.51,697.84,866.69,861.56,885.01,972.38,984.73,964.77
Penedono,831.84,843.46,819.93,802.71,788.77,816.16,752.29,748.95,783.31,870.63,955.51,822.92
Peso da Régua,1005.07,1099.6,912.43,828.2,808.42,866.06,1195.97,1269.25,991.62,963.45,1046.77,904.23
Sabrosa,984.87,1017.15,953.35,1080.72,1100.57,1051.64,1068.06,1073.51,1056.41,890.15,878.42,895.99
Santa Marta de Penaguião,871.56,872.47,870.39,850.64,856.04,829.87,876.11,866.35,914.83,873.98,893.01,864.4
São João da Pesqueira,980.42,1044.47,898.85,932.87,964.79,852.39,994.59,998.05,983.36,998.77,1169.25,894.68
Sernancelhe,848.4,880.65,803.28,750.44,775.03,684.86,835.21,840.66,804.92,861.4,942.17,805.59
Tabuaço,973.43,1030.1,909.6,976.38,1043.44,861.4,1048.15,1027.47,1118.38,918.67,1028.24,864.95
Tarouca,855.18,870.95,824.2,835.83,845.89,735.17,874.52,869.05,906.44,838.7,876.98,804.28
Torre de Moncorvo,891.67,930.6,851.43,804.12,816.8,760.2,911.86,936.76,810.25,894.06,951.35,859.52
Vila Nova de Foz Côa,935.43,1003.73,863.46,878.71,880.74,871.56,1006.62,1041.57,882.65,898.01,994.13,859.07
Vila Real,1115.35,1133.09,1096.26,866.64,882.58,845.59,1101.62,1076.05,1164.99,1124.65,1169.41,1087.77
Terras de Trás-os-Montes,988.17,1029.07,948.23,867.44,854.87,893.33,977.59,994.65,922.6,997.14,1064.56,952.93
Alfândega da Fé,889.93,920.91,859.45,893.78,901.13,869.28,786.35,794.03,749.72,918.13,1001.12,867.55
Bragança,1046.87,1084.98,1007.67,784.8,802.94,679.99,1023.74,1035.72,988.94,1059.82,1128.76,1012.07
Macedo de Cavaleiros,930.67,937.96,923.82,814.65,805.53,833.5,869.91,877.82,838.13,953.38,982.98,934.01
Miranda do Douro,916.03,985.74,852.51,847.88,842.39,860.21,996.9,1058.07,756.39,890.54,940.58,862.95
Mirandela,1001.38,1047.98,957.06,824.72,830.37,806.7,989.44,1028.17,883.33,1011.5,1073.85,969.13
Mogadouro,920.96,999.48,841.23,795.56,810.16,762.38,917.84,943.64,793.28,928.14,1042.45,846.73
Vila Flor,969.79,1009.75,931.84,1004.14,1005.44,1002.96,1044.66,1045.78,1039.75,929.56,979.63,901.17
Vimioso,890.32,904.47,880.27,790.71,717.93,…,847.39,837.56,898.26,908.36,1001.68,876.98
Vinhais,853.91,882.39,825.21,731.86,773.23,…,794.92,799.83,777.72,877.94,947.24,833.02
Centro,1104.06,1206.51,977.25,935.6,974.53,850.23,1154.78,1221.12,1003.81,1077.06,1206.98,970.44
Oeste,1061.13,1150.45,951.53,952.75,1004.47,831.19,1104.21,1154.7,987.07,1047.34,1167.64,946.77
Alcobaça,1038.68,1127.75,931.34,850.17,869.71,812.89,1075.98,1143.49,929.69,1019.47,1141.58,938.72
Alenquer,1217.74,1303.48,1062.22,947.67,921.82,1023.3,1273.44,1334.67,1124.68,1175.83,1285.78,1022.76
Arruda dos Vinhos,1107.84,1170.19,1000.03,1018.55,1081.38,912.89,1108.77,1134.49,1030.31,1110.06,1186.49,996.64
Bombarral,967.68,998.91,929.37,866.53,890.59,839.91,900.22,898.98,905.68,1015.87,1092.95,950.4
Cadaval,1017.51,1121.91,911.13,877.84,914.75,774.1,1050.16,1109.53,878.32,1028.71,1220.54,927.94
Caldas da Rainha,1019.26,1127.15,921.8,849.23,884.96,762.16,1084.72,1151.23,924.7,1006.56,1131.13,924.34
Lourinhã,999.69,1076.7,894.87,1268.23,1403.36,868.42,953.03,959.79,925.37,966.23,1065.67,892.12
Nazaré,1030.94,1148.7,919.35,1003.12,1089.99,782.61,1057.94,1124.28,965.06,1021.48,1167.36,909.37
Óbidos,1026.1,1092.72,949.19,1070.36,1143.53,885.42,988.85,993.47,978.9,1036.52,1139.83,945.16
Peniche,995.17,1095.82,896.81,1145.3,1200.01,909.06,1022.39,1129.52,878.86,955.04,1034.56,902.14
Sobral de Monte Agraço,1029.83,1093.32,941.64,853.34,804.46,918.5,998.74,1010.06,978.26,1059.14,1175.68,923.08
Torres Vedras,1073.47,1145.71,979.62,842,860.15,801.66,1114.67,1144.96,1039.56,1078.55,1192.18,974.84
Região de Aveiro,1165.87,1284.21,1010.21,970.11,1027.6,843.4,1214.18,1305.39,1040.24,1117.14,1258.95,990.86
Águeda,1089.15,1205.57,944.78,928.94,984.58,787.33,1112.94,1218.88,934.57,1051.1,1178.15,957.39
Albergaria-a-Velha,1139.9,1238.4,985.49,876.42,902.7,832.96,1183.37,1245.28,1042.36,1083.76,1235.5,939.28
Anadia,1035.36,1119.26,940.63,995.1,1063.44,862.35,1080.75,1130.44,985.09,976.94,1097.78,911.84
Aveiro,1286.05,1425.32,1105.3,900.1,947.8,771.29,1430.16,1511.52,1219.04,1208.47,1356.91,1072.75
Estarreja,1296.95,1421.44,1031.15,878.91,915.01,818.09,1387.1,1460.31,1179.8,1205.17,1379.14,923.22
Ílhavo,1178.98,1340.32,992.92,1201.12,1202.94,1193.22,1160.23,1287.04,981.82,1198.51,1423.93,999.23
Murtosa,941.09,1020.47,865.06,1018.82,1101.29,765.08,937.65,1007.63,834.15,938.42,1030.23,889.41
Oliveira do Bairro,1094.59,1197.62,963.68,819.53,894.82,699.07,1139.35,1223.41,983.33,1035.16,1147.66,948.04
Ovar,1114.5,1200.63,1004.2,787.13,816.28,742.3,1190.17,1274.13,1066.52,1010.77,1084.54,933.16
Sever do Vouga,1123.91,1231.65,928.73,833.82,934.64,733,1203.9,1287.58,938.86,1009.63,1101.83,928.05
Vagos,1046.78,1119.48,966.06,861.38,951.28,747.5,1102.13,1164.57,1000.41,961.93,1005.7,935.53
Região de Coimbra,1119.46,1230.1,991.59,968.15,993.02,913.06,1153.03,1225.1,992.07,1107.71,1248.1,993.16
Arganil,893,954.29,835.41,872.33,896.14,741.35,895.17,913.92,851.84,892.74,1010.25,832.04
Cantanhede,1109.54,1207.49,989.74,1203.52,1224.38,1172.51,1152.94,1208.19,1017.16,1062.25,1204.46,968.52
Coimbra,1214.19,1334.61,1085.74,888.07,935.11,812.2,1242.88,1292.4,1127.03,1209.66,1353.02,1081.59
Condeixa-a-Nova,1016.53,1127.52,910.34,853.54,825.88,904.25,1023.2,1062.74,945.45,1015.21,1184.79,900.78
Figueira da Foz,1202.71,1350.42,996.9,1062.59,1113.5,889.31,1366.66,1462.97,1080.81,1070.57,1205.14,967.26
Góis,844.6,861.2,832.86,913.28,928.26,878.72,780.62,773.38,803.28,854.13,908.58,833.22
Lousã,1017.17,1079.73,940.25,842.69,838.47,858.17,1065.97,1123.62,966.93,986.12,1056.7,926.17
Mealhada,1170.5,1267.74,995.91,851.35,908.42,798.66,1211.83,1233.13,1129.64,1161.88,1287.71,977.42
Mira,965.81,1037.68,894.18,1015.14,1023.37,999.24,942.11,1005.3,852.69,974.71,1078.9,904.93
Miranda do Corvo,921.72,973.87,876.91,816.23,826.35,794.1,969.06,1010.74,852.9,919.32,982.67,884.3
Montemor-o-Velho,1011.15,1067.25,948.06,880.83,919.98,826.59,1065.65,1045.52,1122.24,994.78,1116.06,913.52
Mortágua,1072.69,1165.9,955.92,1065.17,1090.19,941.74,1066.6,1129.27,982.53,1082.03,1246.59,928.02
Oliveira do Hospital,949.47,1015.02,874.76,861.11,844.58,916.91,938.16,1010.84,795.68,962.81,1032.6,914.87
Pampilhosa da Serra,877.33,906.45,860.66,1086.78,1115.11,973.45,825.42,833.87,765.46,878.36,929.91,862.51
Penacova,1019.95,1093.81,888.85,911.93,919.03,866.5,1200.39,1227.9,1050.17,904.34,953.37,856.3
Penela,977.71,1058.87,879.17,977.47,990.03,873.85,1032.71,1091.78,847.84,937.22,1017.69,888.2
Soure,1016.96,1140.08,905.35,787.62,789.42,785.28,1122.92,1219.3,925.82,987.27,1130.94,910.66
Tábua,922.48,1017.02,834.1,860.55,859.03,863.24,868.63,945.11,788.38,1017.14,1177.64,898.51
Vila Nova de Poiares,973.19,1078.19,875.4,716.28,723.73,656.67,999.72,1089.07,916.9,962.11,1091.9,847.11
Região de Leiria,1150.13,1263.08,995.74,913.92,964.44,841.69,1223.69,1298.74,1038.92,1094.05,1227.42,979.36
Alvaiázere,950.84,997.82,870.86,714.63,757.28,656.48,926.41,935.11,871.18,972.56,1062.28,878.11
Ansião,968.99,1046.54,874.84,820.08,798.84,860.79,970.1,1035.49,851.6,972.21,1062.78,883.88
Batalha,1125.62,1237.13,957.01,854.84,875.96,835.52,1147.45,1232.83,972.03,1107.6,1256.5,948.8
Castanheira de Pêra,938.53,1070.59,850.86,1319.57,1358.52,…,884.26,1023.56,750,950.92,1062.04,904.92
Figueiró dos Vinhos,912.97,953.19,879.22,931.6,929.1,942.66,886.15,906.53,822.46,919.82,993.28,884.15
Leiria,1159.48,1269.13,1014.66,945.69,1001.52,869.97,1228.3,1300,1035.49,1120.95,1247.22,1011.1
Marinha Grande,1329.9,1493.19,1075.22,926.52,917.99,…,1449.15,1552.58,1194.67,1120.11,1324.13,968.22
Pedrógão Grande,944.5,958.26,932.03,862.47,856.53,…,931.52,956.12,821.64,952.32,974.61,939.4
Pombal,1062.02,1152.62,937.34,881.79,954.08,802.6,1082.88,1131.95,965.62,1049.7,1191.1,927.58
Porto de Mós,1134.54,1229.53,997.99,825.57,861.78,771.26,1180.77,1254.77,1027.87,1078.28,1193.06,977.32
Viseu Dão Lafões,1055.39,1133.37,954.66,903.15,941.92,836.83,1065.05,1108.7,960.14,1054.02,1170.17,955.45
Aguiar da Beira,862.4,904.82,820.48,785.63,792.6,742.68,916.72,944.22,840.77,845.33,891.76,818.19
Carregal do Sal,994.71,1073.2,906.09,909.31,934.51,830.11,1013.49,1088.97,883.72,970.56,1051.53,929.79
Castro Daire,885,943.73,803.13,798.67,789.68,823.37,867.96,873.84,839.29,893.43,988.75,798.84
Mangualde,1158.46,1275.8,911.01,918.5,961.53,819.2,1066.68,1140.95,892.2,1230.27,1387.09,924.59
Nelas,1127.94,1269.04,947.13,890.84,912.18,856.96,1212.47,1324.74,991.49,990.38,1124.82,907.27
Oliveira de Frades,1125.81,1196.2,1006.26,939.98,1075.55,822.49,1167.61,1217.71,1041.18,1043.64,1117.98,990.47
Penalva do Castelo,936.68,1000.48,844.95,805.6,816.89,771.7,1006.89,1020.25,889.98,897.9,981.48,840.99
Santa Comba Dão,956.52,1045.78,863.87,847.55,804.21,922.4,1011.42,1079.18,848.59,929.62,1026.07,866.77
São Pedro do Sul,877.64,937.43,822.77,753.75,756.75,750.8,873.09,919.16,750.54,889.66,975.29,842.12
Sátão,853.72,878.59,823.36,857.78,878.85,828.27,838.61,846.21,821.13,867.99,932.39,824.18
Tondela,1160.54,1284.61,1021.36,926.69,1005.97,831.22,1213.03,1278.47,1116.23,1097.87,1336.87,928.51
Vila Nova de Paiva,884.42,936.17,832.88,759.19,762.09,755.4,815.38,814.72,818.87,923.99,1079.63,838.97
Viseu,1065.28,1113.59,1002.5,1024.39,1021.03,1037.46,1013.32,1039.92,907.47,1087.72,1169.22,1017.33
Vouzela,933.02,1016.39,871.37,864.21,935.4,732.79,933.8,1007.9,875.18,936.26,1041.69,870.87
Beira Baixa,1036.23,1117.57,943.6,908.13,927.4,836.29,1081.55,1146.52,910.24,1022.91,1115.95,953.43
Castelo Branco,1026.77,1101.18,948.4,933.68,946.65,876.51,1053.77,1123.91,902.62,1018.2,1094.92,959.93
Idanha-a-Nova,942.49,955.15,928.74,912.74,938.46,808.54,818.83,831.55,781.96,981.83,1026.4,956.26
Oleiros,991.97,1071.49,854.78,802.28,797.68,…,1112.58,1150.12,857.27,900.82,972.6,854.26
Penamacor,949.53,1020.92,859.1,854.44,898.32,799.1,977.98,1066.75,768.17,958,1020.73,899.29
Proença-a-Nova,990.62,1054.43,900.81,918.25,940.04,859.43,876.22,872.33,896.96,1069.2,1309.81,902.68
Vila Velha de Ródão,1366.8,1550.58,1052.94,858.05,857.01,…,1608.2,1688.94,1208.49,1195.07,1408.35,1015.73
Médio Tejo,1087.09,1186.28,971.17,951.55,997.21,859.13,1157.62,1193.18,1035.26,1056.64,1194.15,961.38
Abrantes,1165.47,1289.36,1019.62,897.16,912.8,847.62,1401.37,1418.64,1329.67,1025.21,1138.55,961.84
Alcanena,1118.27,1194.16,1023.16,1236.03,1242.49,…,1089.29,1147.97,979.88,1139.75,1241.04,1045.19
Constância,1282.19,1498.86,958.41,1684.27,1836.44,1336.43,1421.1,1534.57,1120.67,896.73,1158.94,786.64
Entroncamento,1194.15,1331.03,998.99,1361.56,1430.65,1033.39,1155.86,1158.33,1142.49,1199.29,1376.78,990.35
Ferreira do Zêzere,986.63,1064.22,890.39,1021.62,1092.67,884.75,1034.85,1056.91,932.72,933.76,1042.87,884.56
Mação,983.21,1130.41,811.82,905.65,898.25,1014.25,1133.7,1195.06,834.78,867.5,1040.78,805.85
Ourém,1063.45,1162.47,944.62,849.21,837.43,870.7,1133.76,1170.95,983.08,1026.42,1161.62,938.08
Sardoal,846.91,861.29,836.08,802.43,778.62,873.87,832,828.85,893.82,855.43,925.85,833.87
Sertã,933.98,995.98,863.9,811.86,817.54,767.96,912.89,956.47,787.48,956.08,1072.84,882.65
Tomar,1044.25,1123.48,966.48,854.8,946,791.02,1096.01,1114.89,1011.14,1037.78,1140.57,971.9
Torres Novas,1141.39,1208.55,1059.11,886.02,906.23,837.52,1136.8,1159.28,1069.36,1147.58,1255.69,1058.67
Vila de Rei,870.73,922.78,844.27,795.43,817.96,742.86,849.2,857.61,812.45,879.72,1005.63,847.96
Vila Nova da Barquinha,897.46,980.61,830.26,755.4,734.33,790.51,938.03,949.96,919.58,888.91,1002.24,814.19
Beiras e Serra da Estrela,1013.44,1090.54,930.94,835.87,841.44,818.52,991.28,1046.96,873.59,1031.53,1141.04,947.63
Almeida,905.01,1005.74,825.25,823.02,801.66,929.82,842.13,823.68,928.7,915.35,1067.14,820.84
Belmonte,909.16,974.15,851.13,860.44,833.17,924.7,935.38,1074.71,803.25,895.45,917.57,878.17
Celorico da Beira,1082.16,1346.15,851.37,722.33,757.1,691.91,802.35,921.1,732.75,1201.31,1482.08,915.14
Covilhã,1027.83,1080.07,970.98,794.87,806.17,753.24,942,990.65,847.62,1077.56,1159.94,1011.95
Figueira de Castelo Rodrigo,874.49,874.76,874.29,860.59,893.15,741.23,781.3,780.58,784.91,894.56,918.13,885.54
Fornos de Algodres,838.68,892.57,788.82,800.3,820.33,760.26,774.44,825.84,692.53,869.33,943.93,817.48
Fundão,983.43,1040.08,908.59,871.26,902.04,791.12,936.65,975.71,878.46,1020.4,1097.75,930.01
Gouveia,923.35,973.33,886.88,944.56,969.18,904.05,844.77,889,753.59,943.29,1019.94,904.16
Guarda,1147.21,1248.63,1020.16,814.68,806.31,857.94,1261.02,1298.42,1125,1110.5,1237.55,1004.64
Manteigas,893.92,926.07,864.34,799.01,800.32,…,820.71,830.22,790.36,922.7,1006.37,874.26
Mêda,892.58,949.14,841.76,830.03,846.44,797.2,932.45,962.01,808.11,878.03,956.07,848.76
Pinhel,888.12,928.04,831.04,755.87,763.38,734.72,858.75,862.08,841,919.85,1055.38,832.39
Sabugal,922.55,974.23,888.45,834.99,808.46,931.15,826.17,841.97,792.72,949.71,1066.73,897.34
Seia,919.18,968.5,877.82,743.95,754.56,699.95,850.57,914.19,754.55,956.41,1019.38,918.22
Trancoso,975.36,1027.99,906.93,790.28,771.9,897.91,893.55,895.6,887.23,1012.15,1119.64,910.29
A. M. Lisboa,1516.42,1643.56,1369.17,1042.43,1072.85,972.07,1475.69,1472.88,1484.56,1528.02,1701.74,1360.14
Alcochete,2019.47,2694.16,1096.13,1041.18,1110.29,951.38,1334.01,1348.19,1282.68,2391.55,3710.72,1078.17
Almada,1184.02,1237.47,1139.41,788.38,763.89,833.26,1080.58,1096.41,1016.74,1203.38,1291.22,1146.93
Amadora,1476.8,1593.21,1343.43,1382.44,1445.03,1257.25,1645.09,1596.39,1757.87,1438.87,1592.32,1287.4
Barreiro,1164.49,1279.06,1058.41,//,//,//,1395.94,1454.25,1103.08,1117.35,1206.27,1055.86
Cascais,1264.15,1289.11,1235.99,963.28,963.4,962.76,1152.84,1118.44,1277.13,1286.91,1345.25,1233.07
Lisboa,1702.78,1882.32,1523.83,1282.37,1293.94,1257.74,1801.39,1784.22,1843.96,1697.47,1894.21,1512.52
Loures,1256.21,1343.7,1124.77,872.92,871.16,877.84,1440.56,1451.01,1407.63,1200.48,1302.96,1077.14
Mafra,1067.73,1115.64,978.26,840.21,830.54,860.41,1047.38,1083.04,951.22,1080.68,1136.84,987.6
Moita,1009.45,1070.2,938.73,976.81,1014.65,870.05,974.41,995.36,891.07,1030.46,1162.48,948.57
Montijo,1086.89,1195.34,971.26,929.17,970.97,866.34,1279.37,1325.01,1145.22,1042.44,1159.91,954.74
Odivelas,1003.55,1034.14,962.29,1469.41,1526.56,…,1009.77,992.07,1065.89,1000.71,1058.28,942.82
Oeiras,1839.81,2025.03,1627.83,929.18,924.4,938.46,1843.69,1826.1,1890.61,1839.97,2062.98,1609.27
Palmela,1443.47,1536.42,1222.35,884.72,919.24,807.82,1657.75,1684.86,1548.72,1143.31,1245.89,1012.07
Seixal,1356.96,1643.35,966.52,876.5,872.79,…,1209.95,1237.32,1095.94,1422.2,1947.75,945.55
Sesimbra,1022.52,1091.69,939.88,1254.55,1270.35,1104.65,1041.62,1047.61,1011.23,986.05,1069.33,930.03
Setúbal,1257.47,1409.75,1064.93,1051.92,1104.25,840.11,1574.91,1606.01,1444.45,1116.29,1255.29,1006.75
Sintra,1255.4,1327.17,1155.39,1008.28,1009.62,1005.28,1296.42,1298.04,1291.48,1238.9,1352.02,1125.07
Vila Franca de Xira,1273.26,1360.77,1140.61,1119.93,1222.44,918.93,1510.09,1516.39,1487.16,1175.01,1264.56,1075.92
Alentejo,1107.85,1195.29,995.23,952.57,963.91,918.28,1277.59,1334.11,1122.76,1064.51,1178.39,974.71
Alentejo Litoral,1206.63,1322.19,1029.48,937.18,931.94,953.37,1706.92,1776.6,1433.67,1156.43,1358.28,989.76
Alcácer do Sal,1023.01,1105.07,923.19,1128.85,1177.25,977.18,988.29,992.4,969.63,983.74,1118.95,908.98
Grândola,1045.19,1139.29,952.12,944.52,934.39,975.22,1080.72,1057.73,1145.37,1047.33,1194.53,935.2
Odemira,922.82,910.05,946.01,911.53,896.82,956.29,803.16,805.08,787.31,969.56,1008.3,944.46
Santiago do Cacém,1072.57,1145.02,1008.24,962.82,987.84,879.87,1081.26,1135.18,939.59,1086.71,1213.54,1026.24
Sines,1861.82,2071.14,1326.62,1139.38,1159.18,1032.49,2525.47,2621.83,2098.08,1472.03,1680.43,1075.87
Baixo Alentejo,1166.3,1279.65,1014.73,945.9,952.9,914.97,1573.71,1634.94,1339.64,1046.01,1160.88,972.57
Aljustrel,1193.78,1321.08,959.26,1018.4,1039.99,896.62,1386.13,1402.91,1262.81,1030.23,1286.95,902.76
Almodôvar,945.37,1007.8,901.21,924.89,968.34,815.01,805.83,815.3,787.27,983.49,1120.17,919.52
Alvito,1045.39,1129.84,938.58,1179.15,1192.83,1097.06,1090.03,1117.53,977,991.74,1097.49,923.67
Barrancos,885.39,902.34,865.05,747.79,754.02,722.87,969.42,996.7,910.96,876.91,899.14,865.61
Beja,1128.72,1167.16,1081.82,970.39,972.5,958.89,1352.3,1338.47,1390.77,1112.69,1189.96,1054.54
Castro Verde,1941.06,2227.42,1282.64,839.65,847.17,802.85,2546.08,2544.25,2559.7,1110.99,1436.36,906.41
Cuba,1024.12,1076.11,934.05,981.62,987.31,927.56,1021.69,1068.14,793.28,1060.97,1301.51,951.21
Ferreira do Alentejo,1043.88,1096.58,970.84,1046.19,1049.6,1034.7,1047,1059.78,985.2,1040.61,1234.09,951.31
Mértola,889.05,878.79,900.03,901.03,905.8,881.82,781.7,788.8,750.28,914.64,917.23,913.19
Moura,974.5,1000.8,940.28,840.44,854.25,769.39,1092.09,1132.05,970.28,986.23,1035.43,953.9
Ourique,925.61,951.2,903.13,806.31,816.48,746.21,948.69,1006.42,868.31,936.18,968.3,918.68
Serpa,913.35,938,878.42,877.95,892.05,828.73,912.1,942.44,839.99,937.91,994.43,899.49
Vidigueira,984.71,1077.79,904.13,1039.93,1030.04,1063.62,1012.81,1075.48,929.97,945.17,1136.28,863.86
Lezíria do Tejo,1075.15,1135.85,995.67,976.62,1012.89,903.8,1135.86,1182.23,1030.1,1057.36,1124.23,992.97
Almeirim,993.66,1038.62,936.55,947.52,954.12,931.63,1098.6,1089.12,1126.22,954.1,1035.71,894.68
Alpiarça,1001.29,1093.12,898.75,1102.63,1136.57,1051.5,1074.88,1128.74,956.65,871.73,973.18,822.85
Azambuja,1087.87,1114.31,1043.81,1064.75,1125.53,861.43,1099.64,1152.59,994.32,1086.74,1106.5,1055.53
Benavente,1127.19,1220.13,1004.54,1069.05,1119.39,975.13,1224.14,1291.23,1091.4,1062.27,1165.4,964.64
Cartaxo,1048.77,1129.68,961.09,1045.44,1129.72,918.4,1184.18,1217.86,1094.47,979.46,1048.29,932.55
Chamusca,1007.99,1065.61,928.91,928.3,980.19,802.68,1100.14,1092.01,1136.37,975.18,1094.51,910.7
Coruche,1041.04,1116.06,943.19,1007.09,1046.96,925.82,1133.04,1171.29,1048.41,995.59,1101.84,909.47
Golegã,1030.81,1106.24,943.7,893.84,961.03,766.52,1066.74,1070.11,1059.33,1048.09,1231.17,932.37
Rio Maior,1070.79,1143.02,975.29,874.11,865.61,888.02,1109.92,1156.89,1021.58,1052.8,1170.67,949.35
Salvaterra de Magos,1034.19,1108.86,928.19,995.52,1082.55,863.25,1026.63,1009.73,1096.68,1043.13,1184.74,907.64
Santarém,1099.48,1152.58,1037.24,861.72,874.31,835.6,1135.57,1217.55,946.06,1098.84,1136.04,1066.65
Alto Alentejo,1029.47,1114.35,938.74,930.79,947.38,875.55,1141.8,1171.31,1063.16,998.83,1125.16,919.49
Alter do Chão,932.56,1003.21,882.61,923.66,939.67,864.19,1078.05,1122.88,842.71,907.88,1001.79,885.97
Arronches,906.09,916.99,897.84,916.05,926.47,813.21,801.43,819.31,769.24,917.94,941.2,909.69
Avis,974.38,1062.52,869.62,919.64,925.71,902.43,1031.78,1102.13,914.72,926.11,1102.37,830.54
Campo Maior,1324.28,1430.78,1194.48,1013.43,991.43,1084.81,1292.99,1373.02,1168.16,1412.9,1648.34,1222.64
Castelo de Vide,906.64,947.74,882.2,897.33,937.17,684.85,1008.94,1030.2,934.54,890.91,913.42,882.06
Crato,867.91,887.2,855.88,832.63,854.57,769.24,798.65,794.52,805.71,892.22,962.18,867.28
Elvas,941.56,976.69,901.72,917,931.85,866.19,942.44,945.01,932.53,945.7,1000.31,902.26
Fronteira,956.73,1042.95,854.18,1062.96,1088.16,977.25,889.97,881.21,938.65,918.19,1107.26,825.76
Gavião,864.77,1092.45,753.91,1154.79,1201.22,853.01,988.31,1029.83,849.89,801.89,1066.78,746.83
Marvão,858.92,926.25,814.28,812.18,765.2,912.85,1032.5,1031.08,1042.41,827.98,895.68,802.24
Monforte,1034.52,1131.73,940.87,998.8,1009.77,965.05,909.29,916.01,890.81,1063.68,1274.21,940.62
Nisa,854.34,929.91,812.4,759.4,772.63,698.2,933.65,1011.41,730.25,847.12,932.63,821.39
Ponte de Sor,1073.04,1197.76,932.82,887,933.75,791.4,1158.32,1205.33,992.63,1060.32,1259.27,933.94
Portalegre,1041.27,1115.1,948.46,883.64,920.05,766.7,1205.2,1208.81,1190.09,965.61,1041.69,911.52
Sousel,963.02,1008.64,893.98,895.27,906.84,840.9,984.49,996.7,966.39,977.61,1074.27,871.81
Alentejo Central,1086.77,1165.41,993.2,977.82,1004.95,893.73,1170.8,1197.81,1099.28,1063.82,1186.54,975.67
Alandroal,994.8,1050.71,913.99,870.34,865.46,907.27,1183.59,1280.93,966.58,896.07,904.89,892.3
Arraiolos,1024.82,1142.43,895.89,1209.93,1264.49,1066.87,1029.26,1061.88,952.33,925.93,1073.47,847.77
Borba,992.77,1059.64,921.24,954.79,971.25,924.62,1068.47,1114.17,985.11,943.01,1020.84,892.63
Estremoz,1001.64,1067.49,927.75,984.2,999.97,937.42,1004.93,1035.6,938.97,1003.14,1101.13,924.93
Évora,1166.56,1250.18,1066.41,1040.55,1077.02,884.03,1249.83,1275.05,1181.05,1139.07,1255.33,1046.57
Montemor-o-Novo,1007.41,1068.4,927.84,898.02,925.79,824.48,1089.55,1097.27,1049.66,1002.92,1126.68,927.18
Mora,1010.62,1170.49,888.47,864.44,899.93,783.33,1183.24,1251.07,971.27,997.08,1285.63,891.66
Mourão,937.73,977.54,896.4,866,904.99,749.02,1003.96,934.9,1241.83,945.83,1048,886.62
Portel,965.51,1064.81,882.51,1184.44,1234.57,1058.48,936.19,930.36,950.34,892.41,1007.17,847.91
Redondo,985.61,1034.72,910.86,900.66,895.58,913.72,1056.74,1058.69,1052.05,994.55,1130.59,866.72
Reguengos de Monsaraz,985.79,1059.11,910.41,835.43,860.44,768.05,1110.6,1136.44,1046.29,972.15,1082.07,900.73
Vendas Novas,1095.44,1166.85,1013.19,830.7,848.49,773.9,1177,1217.73,1115.86,1048.28,1170.38,952.65
Viana do Alentejo,951.15,993.97,902.51,975.5,985.14,928.11,903.59,922.96,847.92,961.27,1059.44,908.62
Vila Viçosa,1112.94,1182.63,983.48,913.4,935.95,861.34,1199.65,1217.35,1096.52,1031.71,1134.53,956.46
Algarve,1070.96,1129.2,1005.57,961.7,968.06,943.63,1041.69,1050.81,1002.58,1081.13,1166.36,1006.99
Albufeira,1062.14,1125.62,994.34,1060.08,963.64,1179.2,1097.66,1111.53,1021.82,1058.33,1130.78,991.33
Alcoutim,897.43,942.31,859.28,863.03,856.92,886.44,779.99,787.23,756.85,926.94,1041.25,865.85
Aljezur,915.74,930.2,899.84,1153.38,1031.87,1358.43,894.08,915.99,799.77,905.14,926.2,886.58
Castro Marim,894.54,942.17,850.07,782.35,762.9,812.04,884.13,882.33,896.42,904.2,989.34,849.61
Faro,1214.97,1299.99,1125.73,785.43,769.32,827.27,1117.49,1134.26,1056.33,1252.55,1390.1,1137.8
Lagoa,1072.03,1124.26,1006.22,1037.24,1033.42,1061.82,970.67,987.03,892.45,1091.69,1170.37,1013.11
Lagos,1019.29,1062.61,973.21,1071.37,1100.06,965,1073.53,1091.54,995.21,1005.92,1049.19,971.59
Loulé,1082.9,1139.67,1010.98,1169.4,1216.8,934.49,1096.49,1100.18,1078.73,1078.66,1150.55,1006.75
Monchique,935.26,964.47,903.96,741.86,743.34,727.76,961.51,963.32,953.18,944.7,1013.56,901.91
Olhão,993.19,1037.82,938.88,1045.1,1099.99,929.84,981.52,994.11,946.84,990.48,1052.04,938.11
Portimão,1081.93,1149.64,1014.02,972.83,980.96,944.59,997.91,1004.98,965.47,1097.17,1197.84,1016.91
São Brás de Alportel,997.35,1032.43,955.85,881.24,933.73,…,964.25,982.03,883.7,1014.18,1082.81,967.19
Silves,1010.95,1051.71,957.55,929.22,936.73,912.6,1018.64,1009.1,1059.86,1017.68,1086.69,950.86
Tavira,967.23,998.96,933.61,929.87,917.8,974.63,1000.85,994.96,1029.72,963.91,1029.25,923.86
Vila do Bispo,960.18,997.07,921.63,1273.59,1273.84,…,929,955.92,791.03,944.88,970.41,922.4
Vila Real de Santo António,965.98,1038.66,885.97,996.27,983.78,1058.11,907.81,919.96,850.54,974.27,1078.43,885.47
R. A. Açores,1131.35,1202.34,1038.04,968.24,961.99,1019.77,1085.58,1094.41,1048.74,1153.09,1280.54,1036.91
Santa Maria,1779.25,2062.44,1338.32,1012.25,1051.5,…,1135.38,1165.34,971.83,1957.69,2448.92,1372.88
Vila do Porto,1779.25,2062.44,1338.32,1012.25,1051.5,…,1135.38,1165.34,971.83,1957.69,2448.92,1372.88
São Miguel,1141,1219.03,1033.11,984.22,972.27,1089.41,1110.25,1111.27,1105.96,1159.75,1304.67,1023.23
Lagoa (R.A.A.),972.47,991.03,934.74,885.83,889.01,842.4,983.92,975.14,1040.75,972.32,1021.33,917.29
Nordeste,890.24,879.25,903.67,800.62,800.62,//,820.05,824.36,771.05,918.96,932.92,909.66
Ponta Delgada,1239.42,1366.22,1084.02,974.3,935.4,1227.48,1241.69,1232.78,1278.67,1249.13,1443.32,1066.95
Povoação,1036.6,1182.28,876.87,2017.84,2102.76,800.68,972.9,1038.2,823.33,948.58,1030.2,884.54
Ribeira Grande,1001.45,1029.55,951.82,885.52,889.12,843.78,1063.02,1078.2,1004.34,959.63,984.65,935.73
Vila Franca do Campo,879.16,876.42,883.45,825.22,835.79,666.75,791.66,805.85,733.74,924.21,937.24,911.91
Terceira,1097.23,1109.55,1081.2,850,859.04,782.61,1041.87,1048.24,1006.1,1121.26,1156.66,1089.62
Angra do Heroísmo,1106.8,1091.61,1124.35,838.41,844.95,761.13,1044.01,1039.79,1067.83,1133,1136.63,1130.19
Vila da Praia da Vitória,1078.06,1140.44,974.64,876.37,896.43,800.79,1038.06,1063.27,897.49,1096.99,1189.75,985.4
Graciosa,1044.33,1128.81,933.15,808.07,804.42,…,1108.28,1161.02,833.47,1036.99,1147.29,944.01
Santa Cruz da Graciosa,1044.33,1128.81,933.15,808.07,804.42,…,1108.28,1161.02,833.47,1036.99,1147.29,944.01
São Jorge,1008.04,1057.21,958.43,866.54,880.81,…,1008.29,1077.92,897.62,1010.75,1051.34,978.62
Calheta (R.A.A.),945.81,977.98,916.59,919.61,919.61,//,928.9,1001.89,857.56,958.76,960.87,957
Velas,1045.58,1101.13,985.86,847.24,865.29,…,1090.01,1130.42,976.85,1034.97,1095.15,988.38
Pico,976.76,1035.72,913.2,1000.48,1006.17,964.76,1002.93,1017.06,958.29,966.58,1049.98,906.1
Lajes do Pico,924.77,980.13,885.79,812.34,812.34,//,941.11,951.37,926.95,919.97,1008.32,875.26
Madalena,957.06,991.68,922.09,1024.1,1034.75,964.76,881.45,871.44,913.38,975.24,1053.01,922.44
São Roque do Pico,1051.21,1130.72,919.53,…,…,//,1212.31,1222.81,1140.85,981.11,1064.09,893.79
Faial,1153.64,1258.29,1036.59,1369.92,1397.44,1241.5,1075.6,1117.66,927.96,1168.12,1309,1045.92
Horta,1153.64,1258.29,1036.59,1369.92,1397.44,1241.5,1075.6,1117.66,927.96,1168.12,1309,1045.92
Flores,1090.75,1273.16,909.24,901.12,…,…,1114.44,1174.98,888.79,1088.89,1301.16,911.65
Lajes das Flores,984.11,1070.18,900.7,…,//,…,913.53,930.99,839.34,1001.09,1121.62,908.69
Santa Cruz das Flores,1138.99,1363.21,913.18,…,…,//,1250.54,1347.81,917.05,1126.12,1372.35,912.98
Corvo,1238.9,1272.51,1203.82,834.46,834.46,//,1210.93,1178.34,…,1284.99,1452.66,1189.18
Corvo,1238.9,1272.51,1203.82,834.46,834.46,//,1210.93,1178.34,…,1284.99,1452.66,1189.18
R. A. Madeira,1171.42,1240.17,1085.53,902.99,906.85,893.02,1206.18,1218.13,1132.26,1164.77,1259.71,1083.31
Calheta (R.A.M.),1217.43,1324.11,1005.48,1211.73,1199.68,…,1459.98,1445.31,1604.85,946.14,1013.47,903.39
Câmara de Lobos,1015.88,1044.25,962.83,936.66,892.36,1003.12,1111.9,1094.33,1230.52,949.37,990.91,909.49
Funchal,1238.74,1319.83,1148.14,926.46,945.12,862.71,1290.27,1307.42,1188.75,1229,1326.05,1146.21
Machico,1111.9,1185.66,996.08,755.07,748.52,…,1081.2,1092.69,1004.03,1134.46,1311.37,995.13
Ponta do Sol,873.45,892.29,847.59,788.81,768.15,807.4,939.67,925.82,1056.41,851.15,872.05,833.26
Porto Moniz,880.67,984.83,803.83,…,…,//,1123.62,1194.39,890.07,820.26,869.42,796.13
Ribeira Brava,956.57,997.9,906.45,//,//,//,939.29,962.52,787.32,963.61,1027.78,917.5
Santa Cruz,1066.1,1109.25,994.71,884.65,900.71,829.82,1055.87,1066.3,1006.23,1083.44,1156.57,999.06
Santana,906.12,980.58,853.36,842.34,733.49,…,970.06,1015.55,850.87,888.6,964.35,852.42
São Vicente,862.97,896.8,819.68,786.22,…,797.93,887.22,903.74,794.25,853.07,892.12,823.32
Porto Santo,1205.99,1386.24,994.87,…,…,…,1444.09,1473.83,903.34,1145.29,1338.3,997.5
