,Total (€),"Profissão principal, Representantes do poder legislativo e de órgãos executivos, dirigentes, diretores/as e gestores/as executivos/as (€)","Profissão principal, Especialistas das atividades intelectuais e científicas (€)","Profissão principal, Técnicos/as e profissionais de nível intermédio (€)","Profissão principal, Pessoal administrativo  (€)","Profissão principal, Trabalhadores/as dos serviços pessoais, de proteção e segurança e vendedores/as (€)","Profissão principal, Agricultores/as e trabalhadores/as qualificados/as da agricultura, da pesca e da floresta (€)","Profissão principal, Trabalhadores/as qualificados/as da indústria, construção e artífices (€)","Profissão principal, Operadores/as de instalações e máquinas e trabalhadores/as da montagem (€)","Profissão principal, Trabalhadores/as não qualificados  (€)"
Portugal,1206.34,2603.68,1896.37,1583.07,1114.17,871.84,913.61,954.02,992.87,817.74
Continente,1209.94,2612.42,1899.12,1583.18,1114.34,873.06,914.72,953.05,992.07,816.04
Norte,1100.44,2242.04,1761.14,1432.18,1036.03,838.74,977.88,891.73,898.66,800.5
Alto Minho,1013.26,1952.17,1634.15,1320.3,1004.15,795.61,936.5,892.62,909.13,783.86
Arcos de Valdevez,891.94,2070.17,1292.66,1114.75,951.07,755.86,718.66,812.71,701.22,770.35
Caminha,920.37,1254.77,1330.93,1059.09,877.78,758.09,2316.63,869.97,908.09,740.85
Melgaço,880.91,1514.79,1462.04,1092,1005.39,723.8,912.29,769.87,818.12,788.33
Monção,891.58,1404,1249.52,1027.92,936.29,762.13,782.53,835.52,996.44,731.96
Paredes de Coura,954.24,2131.53,1450.66,1305.35,1004.5,721.15,844.42,895.86,874.98,776.26
Ponte da Barca,854.24,1242.77,1195.94,1216.68,965.04,712.88,723.01,810.21,854.41,713.33
Ponte de Lima,922.29,1589.35,1235.01,1298.25,978.31,811.45,707.29,805.32,887.89,744.12
Valença,973.41,1912.65,1439.07,1260.5,986.48,772.8,733.12,1050.04,952.18,804.72
Viana do Castelo,1114.74,2233.67,1851.17,1371.85,1028.37,836.07,1056.58,947.68,959.01,815.14
Vila Nova de Cerveira,1086.11,2583.1,1560.14,1755.59,1091.45,790.22,769.15,941.98,956.2,774.76
Cávado,1044.54,1804.79,1658.05,1346.63,986.81,820.12,762.71,867.51,875.6,782.27
Amares,932.64,1300.23,1336.92,1056.72,918.46,724.15,729.28,810.82,1250.75,820
Barcelos,948.86,1743.78,1506.12,1244.22,981.42,796.95,795.35,840.85,805.02,773.38
Braga,1145.83,1994.05,1746.65,1427.65,996.68,851.82,723.18,926.68,945.39,794.4
Esposende,962.4,1932.8,1428,1218.18,1005.42,774.74,772.76,825.2,863.32,769.81
Terras de Bouro,888.88,1383.29,1370.47,1292.41,948.58,697.8,756.34,951.44,718.32,699.37
Vila Verde,893.12,1237.51,1313.48,1125.94,949.26,759.33,736.48,792.58,853.85,751.23
Ave,984.13,2000.89,1502.72,1301.98,992.04,811.32,743.75,844.93,865.29,778.9
Cabeceiras de Basto,809.27,1144.49,1167.34,949.79,863.63,734.37,730.31,771.92,757.82,712.18
Fafe,858.39,1467.79,1324.75,1066.21,902.9,778.73,699.52,772.84,756.2,739.09
Guimarães,971.89,2031.5,1519.94,1257.98,997.26,830.93,741.48,839.48,802.29,762.16
Mondim de Basto,799.72,1129.41,1473.16,861.46,901.43,734.6,720.29,722.39,739.38,731.17
Póvoa de Lanhoso,855.68,1308.23,1390.4,1025.13,864.55,767.04,736.27,753.69,784.89,717.95
Vieira do Minho,811.92,1158.87,1123.78,971.54,976.27,747.89,677.31,727.23,809.19,708.23
Vila Nova de Famalicão,1080.24,2355.57,1568.09,1446.75,1031.19,821.71,773.93,909.41,983.04,840.31
Vizela,858.76,1725.18,1318.79,1140.8,939.91,779.39,704.76,779.38,774.66,736.92
A. M. Porto,1208.13,2635.51,1857.19,1535.28,1077.99,870.41,1252.37,950.41,958.07,829.16
Arouca,933.58,1468.2,1337.6,1270,946.71,762.09,792.61,901.61,860.58,741.44
Espinho,1008.84,2466.93,1432.11,1186.52,988.66,800.87,967.43,856.72,801.63,742.32
Gondomar,1016.64,1892.28,1423.5,1280.46,962.86,858.85,741.52,866.39,915.55,777.94
Maia,1250.69,3343.57,1916.47,1553.86,1147,853.26,888.96,1011.88,934.5,851.28
Matosinhos,1337.68,2950.09,1975.69,1557.3,1133.9,902.1,953.39,1062.96,1267.3,844.34
Oliveira de Azeméis,1145.81,2666.71,1934.83,1599.63,1127.57,832.06,792,1065.27,927.72,835.32
Paredes,919.37,1655.16,1469.05,1157,908.69,785.38,795.51,791.08,861.5,747.84
Porto,1416.72,2882.28,1952.79,1801.95,1126.5,891.75,842.27,1019.59,1080.39,875.19
Póvoa de Varzim,1033.8,1664.05,1479.55,1197.31,1018.07,824.4,2016.45,871.55,800.33,758.43
Santa Maria da Feira,1089.74,2572.73,1618.59,1434.53,1057.91,868.74,773.68,937.02,926.6,848.68
Santo Tirso,1008.32,1896.23,1629.91,1286.91,1026.77,818.85,686.76,856.41,884.13,807.78
São João da Madeira,1074.25,2619.03,1736.75,1441.48,1009.28,863.32,…,993.93,836.95,843.59
Trofa,1113.09,2536.01,2138.06,1213.82,978.22,833.2,689.34,984.39,897.77,800.34
Vale de Cambra,1136.3,2686.91,1826.45,1463.42,1041.8,810.92,753.5,1001.51,993.32,785.76
Valongo,1087.73,2066.6,1707.9,1342.45,999.16,885.26,736.77,925.79,987.08,802.64
Vila do Conde,1155.04,2387.36,1728.22,1654.27,1042.8,889.26,1170.84,944.51,966.9,846.97
Vila Nova de Gaia,1157.34,2590.37,1742.07,1369.29,1056.6,867.43,977.94,936.32,995.8,804.55
Alto Tâmega,954.21,1545.64,1466.2,1382.83,921.93,764.37,754.11,825.65,919.04,792.49
Boticas,875.98,1465.51,1741.04,971.38,901.93,731.94,672.23,730.66,806.53,754.45
Chaves,958.22,1750.56,1456.51,1477.24,890.88,768.75,779.2,829.1,845.11,816.78
Montalegre,874.49,1159.65,1052.14,1108.56,1076.74,732.69,786.29,860.59,805.06,699.36
Ribeira de Pena,1233.31,2253.52,1734.12,1637.42,1106.95,858.31,855.17,926.53,1494.89,885.22
Valpaços,872.12,1311.57,1305.92,1155.41,916.79,751.08,682,795.43,957.22,737
Vila Pouca de Aguiar,906.61,1189.81,1589.94,1241.56,909.77,738.73,708.96,806.41,827.18,762.77
Tâmega e Sousa,898.09,1440.68,1496.7,1164.24,934.31,775.93,734.33,820.61,789.98,762.39
Amarante,904.92,1352.63,1417.42,1094.98,900.28,759.27,697.1,814.33,834.96,760.46
Baião,866.54,1015.29,1290.5,934.37,902.45,722,778.19,834.55,939.46,792.39
Castelo de Paiva,853.04,1303.31,1270.39,1053.6,987.76,760.76,737.05,771.83,772.55,757.6
Celorico de Basto,794.35,1223,1134.44,942.81,895.48,730.32,781.01,739.06,726.48,723.89
Cinfães,919.2,1144,1163.29,1073.46,882.31,723,681.78,974.73,805.83,764
Felgueiras,892.76,1760.15,1383.39,1245.61,998.56,812.78,714.06,832.43,770.21,741.04
Lousada,860.57,1477.54,1267.99,1081.4,889.49,767.47,701.63,810.09,801.87,752.73
Marco de Canaveses,886.23,1402.13,1312.07,1026.95,896.27,760.32,753.84,864.91,824.82,757.71
Paços de Ferreira,886.7,1378.48,1281.76,1320.18,940.54,810.91,675.06,765.24,787.35,801.04
Penafiel,975.43,1576.92,1855.52,1223.77,931.19,781.11,753.4,813.98,788.26,750.32
Resende,803.25,1148.51,1165.27,885.44,890.86,710.37,728.45,751.15,721.26,668.42
Douro,971.09,1711.42,1606.72,1177.76,967.91,773.72,789.89,847.71,905.6,745.82
Alijó,921.84,1336.78,1527.34,1279.56,919.55,742.04,793.36,829.59,947.84,758.23
Armamar,876.58,1355.54,1442.44,926.3,1055.35,781.65,726.94,778.64,818.61,714.13
Carrazeda de Ansiães,860.95,1389.07,1321.13,1013.06,1074.7,723.39,858.71,737.23,908.01,697.78
Freixo de Espada à Cinta,895.31,1291.44,1571.6,955.1,1115.52,737.13,779.71,676.03,825.79,718.35
Lamego,929.75,1845.66,1343.2,1220.31,992.95,781.4,840.11,833.15,823.64,728.74
Mesão Frio,885.99,1185.77,1207.09,1244.61,831.56,693.24,710.83,1147.69,1088.19,772.43
Moimenta da Beira,836.02,1339.86,1108.38,933.75,866,708.85,718.13,809.28,802.17,735.19
Murça,894.47,1444.65,1342.45,1103.68,927.15,769.84,786.61,765.44,882.28,715.99
Penedono,800.46,1047.39,1035.58,889.42,929.46,714.65,733.69,757.86,867.11,701.7
Peso da Régua,982.1,1677.4,1403.25,1328.12,973.67,792.84,800.12,943.92,1026.48,741.98
Sabrosa,946.13,1781.14,1326.64,1342.11,892.17,807.61,836.38,801.97,970.43,754.33
Santa Marta de Penaguião,868.75,1455.89,1113.28,982.09,1071.82,724.66,826.78,710.83,960.56,720
São João da Pesqueira,965.44,1802.17,1457.14,1172.85,1099,796.63,798.13,838.71,901.16,797.43
Sernancelhe,806.36,1111.04,1065.45,1045.83,905.32,699.87,732.48,723.12,757.33,740.59
Tabuaço,966.26,1709.36,1393.06,1320.52,1199.2,788.02,848.04,850.64,898.54,693.77
Tarouca,828.39,1718.55,1265.37,1014.15,849.3,702.25,847.54,787.64,730.47,680.89
Torre de Moncorvo,859.48,1169.02,1262.04,980.61,988.86,726.98,748.45,853.67,834.64,720.58
Vila Nova de Foz Côa,947.29,1613.13,1421.48,969.14,932.11,773.37,781.94,1035.49,939.32,804.37
Vila Real,1090.68,2102.19,1886.19,1203.44,970.37,800.22,749.92,882.85,957.72,778.8
Terras de Trás-os-Montes,953.02,1478.18,1544.63,1185.41,956.3,771.97,779.61,832.27,849.72,740.25
Alfândega da Fé,866.75,1311.91,1388.21,844.19,951.52,783.48,731.63,755.42,805.71,724.69
Bragança,1019.58,1711.16,1665.51,1263.27,959.01,792.79,719.52,854.53,848.7,754.14
Macedo de Cavaleiros,892.91,1379.4,1437.7,1173.59,906.93,746.23,739.04,799.17,783.99,739.47
Miranda do Douro,880.36,950.32,1337.23,1650.56,952.2,734.89,714.1,820.97,786.22,732.84
Mirandela,957.84,1821.47,1496.99,1103.45,987.91,795.89,895.19,816.24,871.12,728.93
Mogadouro,884.65,1063.29,1413.69,997.24,989.64,711.2,753.02,896.58,921.37,715.57
Vila Flor,890.31,2053.83,1382.35,1230.5,991.99,753.8,742.83,885.96,838.74,766.66
Vimioso,854.48,1036.56,1102.64,1017.96,1009.57,714.54,//,767.15,849.92,705.59
Vinhais,810.18,1779.83,1133.13,898.97,783.51,704.17,670.64,737.18,986.97,673.12
Centro,1070.66,2016.81,1611.29,1339.18,1021.18,821.41,853.35,971.23,1029.47,799.68
Oeste,1019.34,1856.96,1515.46,1320.28,1002.27,821.32,923.55,936.33,1017.38,776.99
Alcobaça,1007.07,1848.66,1391.4,1253.25,993.36,806.87,799.48,956.65,1010.2,789.56
Alenquer,1182.18,2767.56,1924.56,1658.69,1085.73,909.79,880.18,1057.37,977.71,867.98
Arruda dos Vinhos,1096.22,1741.66,1761.37,1148.99,967.79,811.43,791.44,997.42,1101.42,746.61
Bombarral,934.52,1595.55,1383.5,1170.32,994.78,819.76,793.28,874.24,849.14,794.37
Cadaval,974.03,1592.44,1556.24,1220.96,938.01,787.88,834.96,834.69,959.9,860.39
Caldas da Rainha,959.45,1568.38,1371.51,1201.47,979.35,805.25,794.69,929.93,1155.36,721.52
Lourinhã,964.87,1438.6,1309.57,1112.05,969.09,796.15,1334.27,882.65,1004.51,762.74
Nazaré,917.64,1484.18,1341.86,1181.82,890.02,772.48,774.8,836.76,1083.28,769.44
Óbidos,1008.13,1670.07,1478.77,1135.09,961.42,825.28,825.68,880.68,963.99,781.27
Peniche,954.91,1654.23,1455.08,1154.19,986.07,786.47,1267.63,810.47,927.43,769.89
Sobral de Monte Agraço,970.38,1583.25,1380.84,1160.15,1022,767.77,705.61,935.93,1023.52,748.01
Torres Vedras,1030.84,1965.16,1533.11,1372.68,1017.21,844.07,781.97,904.41,990.48,782.73
Região de Aveiro,1133.26,2354.81,1700.43,1431.52,1041.58,851.39,890.74,997.74,1024.88,821.37
Águeda,1071.38,2392.18,1442.2,1294.09,1033.82,873.54,825.61,1018.22,896.52,815.37
Albergaria-a-Velha,1126.74,2491.23,1626.81,1401.53,1028.04,852.8,837.18,1057.01,1034.23,824.79
Anadia,1017.35,1883.92,1495.65,1329.1,978.18,804.1,893.57,934.55,907.17,780.36
Aveiro,1243.33,2550.92,1842.9,1529.46,1104.73,885.44,845.01,1059.02,1133.18,834.62
Estarreja,1260.27,2419.45,1930.18,1666.96,1040.34,799.08,774.27,1061.45,1353.62,837.44
Ílhavo,1148.88,2618.08,1614.34,1458.89,1095.86,829.05,1660.83,948.2,974.76,873.19
Murtosa,924.03,1680.3,1365.62,1128.64,1101.8,744.79,829.47,823.69,865.18,760.29
Oliveira do Bairro,1047.8,2080.43,1568.72,1330.09,979.51,845.94,728.92,928.3,924.52,858.69
Ovar,1074.02,2342.49,1684.53,1405.72,1001.38,833.26,739.41,949.5,918.06,788.86
Sever do Vouga,1050.87,2092.61,1481.61,1242.33,989.29,829.55,830.52,1024.97,899.96,799.98
Vagos,1038.96,2022.67,1567.52,1283.27,1022.75,831.08,786.21,939.03,916.25,791.8
Região de Coimbra,1093.15,2035.35,1669.94,1308.73,1032.25,825.3,822.88,973.37,1049.7,804.61
Arganil,861.05,1234.68,1413.69,1071.13,970.5,765.21,764.76,810.06,794.07,718.95
Cantanhede,1083.32,2341.05,1464.23,1427.1,1024.53,812.76,757.98,1045.47,1027.97,896.6
Coimbra,1182.41,2160.39,1799.25,1303.98,1059.43,862.11,778.26,1030.21,1026.14,797.5
Condeixa-a-Nova,999.84,1829.72,1277.1,1100.57,1064.64,805.54,837.34,911.66,990.22,754.27
Figueira da Foz,1194.68,2246.18,1897.75,1488.86,1101.64,806.39,1017.87,1016.72,1286.93,895.21
Góis,822.93,1027.12,1318.13,938.91,906.1,734.49,773.87,755.08,866.12,725.78
Lousã,1000.71,1821.17,1439.98,1231.43,960.57,885.51,777.67,931.32,865.26,763.74
Mealhada,1106.84,2049.9,1534.31,1320.11,1015.9,834.14,787.21,955.94,1216.64,770.13
Mira,942.47,1847.1,1470.54,1003.96,959.9,753.35,771.61,840.38,822.27,791.03
Miranda do Corvo,881.43,1470.59,1232.77,980.77,943.47,759.03,774.91,875.55,856.66,752.63
Montemor-o-Velho,968.73,1755.48,1292.2,1281.67,985.1,780.07,774.78,890.57,1054.07,759.75
Mortágua,1037.77,2041.44,1321.24,1296.94,921.44,837.68,851.45,989.68,950.95,772.72
Oliveira do Hospital,902.46,1504.12,1316.94,1201.84,918.01,775.13,737.06,845.12,795.33,730.73
Pampilhosa da Serra,857.15,1076.66,1277.38,1193.8,949.32,776.93,712.78,844.72,828.28,725.61
Penacova,979.1,1593.28,1279.77,1289.28,925.8,756.21,941.75,1077.51,867.81,741.2
Penela,939.68,2019.6,1062.18,1193.67,885.56,730.86,778.98,853.59,926.92,743.91
Soure,1007.56,1565.3,1409.22,1326.28,1076.27,769.25,737.47,1080,1038.95,871.93
Tábua,919.13,2271.8,1307.66,1118.6,1085.66,786.99,742.35,779.29,862.85,766.86
Vila Nova de Poiares,956.53,2157.02,1378.17,1034.36,946.56,815.47,709.63,882.28,980.89,722.89
Região de Leiria,1121.98,1989.61,1575.51,1382.72,1037.83,860.82,799.75,1066.33,1061.68,833.52
Alvaiázere,887.94,1182.43,1170.29,1016.3,898.28,740.44,699.89,829.75,968.71,723.56
Ansião,939.72,1509.07,1311.15,1104.26,952.28,755.76,740.75,879.99,985.92,740.26
Batalha,1095.84,2040.52,1537.53,1415.16,1030.75,854.85,807.19,1034.76,1028.34,818.88
Castanheira de Pêra,937.71,1672.07,1325.35,1155.46,994.1,834.4,917.02,913.42,793.15,767.69
Figueiró dos Vinhos,871.62,1226.78,1200.81,1274.84,1025.61,714.34,757.69,770.18,922.34,701.36
Leiria,1125.7,2032.19,1616.23,1361.06,1022.96,895.38,823.27,1059.54,1024.02,822.35
Marinha Grande,1335.3,2763.57,1646.48,1608.5,1102.09,848.82,728.57,1336.22,1229.71,988.8
Pedrógão Grande,883.8,1397.5,1239.26,1027.09,894.46,753.7,813.29,834.54,838.64,702.91
Pombal,1024.95,1584.83,1445.82,1207.01,1020.12,817.67,777.04,933.52,1035.39,821.55
Porto de Mós,1087.96,1941.85,1590.83,1381.99,1153.21,838.79,793.08,990.98,1058.98,805.6
Viseu Dão Lafões,1025.08,1930.27,1601.4,1294.89,990.26,794.97,786.29,897.53,999.13,791.77
Aguiar da Beira,818.64,1064.32,997.71,994.44,888.4,713.33,760.69,793.03,871.12,661.92
Carregal do Sal,984.14,2577.59,1316.55,1268.94,960.16,833.8,929.37,828.49,835.36,842.73
Castro Daire,877,1257.71,1234.01,1102.55,1003.94,728.03,701.08,776.95,1018.67,679
Mangualde,1105.26,2146.03,1644.47,1325.29,1077.93,780.17,763.27,936.3,1200.42,808.54
Nelas,1098.19,3145.53,1475.06,1457.5,1125.9,783.87,903.38,1054.9,915.8,803.7
Oliveira de Frades,1155.69,2995.93,1943.3,1502.36,1057.76,847.48,818.98,949.58,943.7,911.6
Penalva do Castelo,906.68,1402.05,1266.52,1351.41,1045.54,696.39,706.84,849.68,982.84,799.94
Santa Comba Dão,923.48,1378.54,1204.46,1015.47,990.99,797.38,747.78,859.91,889.64,811.17
São Pedro do Sul,837.56,1456.93,1375.82,1060.48,906.67,728.9,788.16,766.85,814.78,723.4
Sátão,814.95,1169.25,1246.64,955.32,932.22,709.55,698.54,781.46,859.6,700.78
Tondela,1104.46,2448.03,1787.49,1570.03,1003.61,763.27,782.13,882.09,1035.64,852.27
Vila Nova de Paiva,833.66,1043.7,1090.36,1013.19,904.26,747.73,738.05,733.09,937.97,703.09
Viseu,1036.89,1787.94,1640.53,1210.88,962.76,826.87,793.36,904.05,951.84,773.04
Vouzela,937.21,2038.08,1344.16,1329.47,1025.64,749.33,739.33,916.01,854.7,752.78
Beira Baixa,995.38,1831.61,1540.96,1243.13,996.11,795.85,782.97,867.07,1003.07,792.06
Castelo Branco,994.62,1838.5,1565.81,1219.76,972.96,813.96,795.82,875.68,949.76,786.75
Idanha-a-Nova,906.71,1544.57,1369.53,1042.85,1107.81,736.7,759.6,804.1,779.35,817.37
Oleiros,945.86,1294.71,1222.09,1153,980.36,691.64,731.92,828.88,1200,739.91
Penamacor,908.38,1896.73,1398.59,1026.67,1097.82,746.75,827.65,765.07,798.44,735.7
Proença-a-Nova,946.81,1440,1545.61,1187.49,969.87,737.28,774.44,851.27,925.88,710.35
Vila Velha de Ródão,1251.25,2816.75,1707.76,1643.76,1150.74,743.28,843.18,952.7,1334.34,926.65
Médio Tejo,1051.55,2038.88,1587.37,1318.79,1032.81,804.78,814.86,993.33,1051.27,788.77
Abrantes,1109.35,2578.18,1726.67,1389.34,1078.15,788.02,839.9,1025.5,1058.29,824.87
Alcanena,1095.96,2291.5,1639.55,1401.57,1092.55,864.45,868.92,947.15,956.62,905.81
Constância,1262.83,3511.85,2481.68,1566.93,1129.06,764.81,//,1260.68,1124.93,827.55
Entroncamento,1151.05,2027.14,1647.51,1294.87,1087.72,843.32,1157.57,1123.21,1314.83,779.31
Ferreira do Zêzere,960.95,2117.62,1309.33,1235.88,934.02,811.39,869.64,876.78,1179.87,813.01
Mação,912.53,2097.11,1152.62,1263.3,968.48,753.05,813.93,926.31,866.21,725.3
Ourém,1029.35,1778.78,1424.56,1285.45,1013.42,811.87,769.04,1049.64,1094.64,775.21
Sardoal,843.79,1540.15,1058.74,929.21,1060.53,807.57,776.34,810.52,802.93,732.28
Sertã,898.19,1333.28,1405.53,1137.08,955.44,768.46,759.27,805.92,896.9,727.35
Tomar,1025.39,1498.4,1608.33,1242.54,958.17,784.41,748.69,1035.09,893.07,742.02
Torres Novas,1099.68,2597.76,1723.11,1380.26,1063.64,826.29,812.45,907.09,1047.98,785.9
Vila de Rei,835.38,1564.04,1265.13,956.32,957.02,714.9,756.2,762.78,886.47,710.74
Vila Nova da Barquinha,864.59,1772.75,1207.38,1115.1,899.67,731.73,763.07,845.41,873.16,667.27
Beiras e Serra da Estrela,974.36,1636.75,1500.14,1161.89,982.44,773.58,781.4,833.59,982.68,752.47
Almeida,835.44,1215.77,1160.31,1050.25,1008.74,695.43,702.06,770.64,1012.14,697.88
Belmonte,855.96,1758.73,1374.06,1230.04,963.06,757.91,752.62,750.14,683.24,719.88
Celorico da Beira,979.15,1538.51,1597.72,922.34,954.49,737.74,732.66,742.22,1232.5,709.25
Covilhã,987.86,1881.86,1620.88,1171.02,937.86,780.13,756.26,824.85,815.8,766.61
Figueira de Castelo Rodrigo,855.16,1118.6,1434.32,884.12,928.94,755.74,784.44,761.6,891.79,718.52
Fornos de Algodres,807.87,1069.31,1142.74,853.71,846.56,713.39,715.03,721.36,1020.39,693.95
Fundão,955.04,1848.52,1365.19,1087.1,1013.77,776.05,806.12,840.7,827.19,768.2
Gouveia,894.58,1538.86,1266.61,1093.71,949.51,776.01,819.72,787.55,821.87,756.32
Guarda,1100.48,1748,1595.96,1272.47,1052.01,802.47,748.89,925.18,1220.11,767.21
Manteigas,852.82,1616.29,1259.36,944.02,896.02,763.13,802.23,757.14,746.23,694.94
Mêda,888.69,1359.91,1298.37,1092.16,859.05,761.48,765.91,905.33,854.79,733.24
Pinhel,855.32,1142.3,1511.06,970.81,888.35,719,720.81,791.23,848.63,703.43
Sabugal,883.75,1320.82,1441.63,1018.6,1026.17,769.15,770.76,734.12,835.04,723.27
Seia,915.13,1527.21,1490.53,1174.37,967.54,766.58,726.92,811.49,831.61,747.6
Trancoso,946.19,1618.66,1328.79,1062.53,1017.39,784.41,916.25,816.13,972.82,774.97
A. M. Lisboa,1477.39,3476.65,2114.23,1863.29,1241.12,939.75,971.32,1083.64,1152.11,860.04
Alcochete,2011.49,2417.16,1714.44,7255.13,1056.75,958.97,814.9,1118.85,1132.88,947.43
Almada,1160.76,2206.18,1894.86,1332.64,1080.07,828.98,786.93,931.21,1011.39,783.77
Amadora,1425.49,3569.33,2306.19,1650.67,1194.54,841.03,780.27,947.21,979.98,859.24
Barreiro,1107.81,2019.16,1721.38,1347.66,1025.72,820.95,669.98,1018.32,1069.08,793.67
Cascais,1215.47,2487.25,1866.67,1410.75,1148.84,917.95,792.29,958.2,975.84,821.9
Lisboa,1669.37,3908.23,2186.79,2010.93,1304.83,997.55,905.54,1259.42,1170,894.7
Loures,1218.56,2842.55,1906.61,1549.03,1085.62,920.01,725.96,1066.97,1105.85,809.57
Mafra,1022,1790.61,1443.71,1285.44,1016.09,851.08,813.72,931.32,1147.57,791.85
Moita,985.06,1831.09,1392.04,1264.5,1030.76,817.34,921.64,884.21,926.22,749.35
Montijo,1027.62,2379.56,1592.93,1306.14,1005.12,872.16,797.14,924.31,980.82,744.51
Odivelas,987.15,1663.32,1342.07,1096.81,973.16,845,737.22,905.5,945.71,804.05
Oeiras,1748.2,4492.88,2287.02,1938.83,1340.09,1053.83,819.48,1162.87,1116.18,945.46
Palmela,1408.93,3212.47,1820.28,1731.75,1489.47,870.22,817.89,1274.57,1404.15,879.57
Seixal,1271.66,1931.92,1521.23,2975.47,990.63,845.77,715.45,971.67,1065.42,800.57
Sesimbra,1041.58,1772.91,1451.3,1148.26,976.73,790.1,1990.83,942.25,987.09,752.23
Setúbal,1208.56,2402.67,1798.83,1583.38,1188.82,845.12,1014.19,1018.88,1213.09,810.28
Sintra,1220.7,2758.23,1722.27,1572.86,1157.86,913.5,826.44,1044.63,1020.27,836.26
Vila Franca de Xira,1245.63,2878.71,1879.86,1526.24,1082.84,873.02,792.34,1143.38,1123.4,868.25
Alentejo,1067.82,1886.77,1746.57,1448.93,1035.92,822.06,866.31,997.39,1074.81,791.45
Alentejo Litoral,1165.44,1931.08,2021.02,1872.38,1162.87,824.87,869.96,1010.93,1502.08,780.92
Alcácer do Sal,989.74,2079.05,1468.58,1196.67,1145.32,804.3,917.18,907.09,978.92,806.99
Grândola,990.88,2201.7,1425.45,1300.49,961.98,847.09,855.28,984.83,1007.1,776.19
Odemira,892.85,1616.77,1680.22,1140.41,1089.32,797.67,800.02,847.31,910.07,773.27
Santiago do Cacém,1058.19,1511.13,1615.95,1261.95,1052.89,789.65,1014.03,1033.97,962.83,794.39
Sines,1869.48,2867.02,3092.56,2578.53,1506.65,912.4,985.22,1194.38,2124.84,804.12
Baixo Alentejo,1129.81,1632.07,1945.38,1430.94,1088.85,817.22,842.84,1100.25,1293.68,833.3
Aljustrel,1184.33,1780.33,1882.14,1588.31,1147.71,787.24,894.45,1266.44,1148.71,902.17
Almodôvar,904.66,1412.03,1397.18,1193.54,941.36,807.06,805.85,877.49,880.51,726.06
Alvito,1003.33,1304.41,1499.77,1005.8,988.86,806.74,848.84,913.59,1104.31,794.68
Barrancos,825.43,768.7,1483.11,921.88,1078.21,810.55,776.56,766.57,668.68,765.08
Beja,1102.31,2010.15,1778.52,1273.88,1065.46,837.22,862.08,1012.11,1017.91,854.51
Castro Verde,1796.19,2347.21,3339.46,2455.23,1246.98,820.09,770.49,1631.22,1805.48,987.9
Cuba,954.75,1898.74,1365.52,1057.01,1101.55,792.7,855.31,814.44,924.71,810.11
Ferreira do Alentejo,979.45,1606.33,1483.62,1153.99,1181.28,813.78,883,796.56,1063.14,848.07
Mértola,861.35,1027.96,1399.93,871.96,978.93,777.08,797.32,770.07,829.03,801.39
Moura,935.55,1080.15,1427.14,1069.89,1208.62,796.99,789.09,896.82,836.14,802.95
Ourique,892.65,1193.77,1213.85,1222.17,901.98,831.04,791.04,836.35,951.52,772.48
Serpa,888.58,1347.66,1263.37,1008.84,1009.48,789.9,823.49,799.72,893.04,763.2
Vidigueira,956.33,1284.53,1521.88,1185.61,1215.52,806.97,900.4,827.28,963.08,792.39
Lezíria do Tejo,1037.32,1991.31,1654.19,1355.65,997.22,831.35,847.92,972.42,927.51,784.82
Almeirim,956.61,1450.06,1401.86,1231.02,993.89,776.45,858.75,965.97,978.53,729.59
Alpiarça,946.19,1507.25,1500.89,1440.44,986.49,743.61,1088.98,882.17,885.32,754.31
Azambuja,1040.86,3211.44,2065.45,1675.63,989.99,989.42,928.66,1002.79,751.17,849.81
Benavente,1093.75,2006.51,1750.23,1388.14,989.96,833.78,857.75,1007.71,1055.34,821.49
Cartaxo,1028.65,1859.69,1559.32,1284.91,1060.77,814.59,695.79,978.18,962.32,778.07
Chamusca,975.97,1703.69,1426.13,1186.83,972.13,828.93,809.03,937.06,998.21,785.32
Coruche,1012.84,1730.84,1440.29,1200.28,1013.66,806.18,923.34,999.99,1078.4,812.28
Golegã,973.66,1980.9,1326.41,1071.54,967.95,746.62,819.92,973.25,1060.12,762.37
Rio Maior,1040.41,2179.11,1532.62,1292.21,1020.43,841.14,800.02,942.01,1133.58,785.79
Salvaterra de Magos,986.49,1636.96,1515.95,1198.48,978.1,767.38,809.04,941.13,1083.55,799.34
Santarém,1065.27,2028.12,1698.58,1324.67,997.16,837.41,815.21,987.3,976.15,762.93
Alto Alentejo,989.48,1934.59,1500.09,1318.6,987.38,785.77,872.97,921.79,973.35,781.81
Alter do Chão,882.12,1360.18,1154.56,1040.41,1046.83,736.92,959.83,1030.37,903.58,771.11
Arronches,898.84,1226.87,1350.02,1107.95,1026.1,825.43,869.14,704.77,933.19,785.37
Avis,955.14,1941.14,1604.6,1313.84,1074.73,726.22,845.82,866.46,969.61,799.24
Campo Maior,1281.98,4150.28,1831.03,1604.93,1110.62,867.77,846.92,1123.36,1110.07,857.36
Castelo de Vide,892.1,1389.23,1329.58,919.75,999.37,769.7,796.55,826.55,915.9,751.72
Crato,833.53,1106.92,1505.79,964.19,924.38,750.45,804.69,779.62,790.89,735.16
Elvas,891.96,1531.51,1354.82,1123.23,822.94,797.55,914.62,819.03,933.85,774.31
Fronteira,944.57,1283,1523.25,1067.63,1216.08,744.4,996.08,831.54,890.11,795.31
Gavião,854.48,1690.7,1142.85,1180.9,1123.86,696.9,876.37,810.85,1099.88,674.48
Marvão,799.69,920.59,1231.51,1010.83,771.49,705.72,804.65,805.13,718.8,715.61
Monforte,1020.27,1963.15,1406.95,1233.51,1046.11,852.73,1034.89,805.67,1088.51,824.56
Nisa,830.13,1150.41,971.38,973.79,875.91,755.6,755.94,899.91,1060.51,736.37
Ponte de Sor,1030.14,2184.23,1488.08,1663.63,1104.58,778.38,808.26,997.98,954.47,761.75
Portalegre,991.03,1608.77,1569.92,1255.82,1049.5,794.73,794.59,885.45,904.3,761.56
Sousel,925.35,1393.8,1341.39,1188.03,1048.72,828.28,865.7,820.99,933.93,848.68
Alentejo Central,1045.47,1850.55,1635.92,1347.65,1057.02,833.73,904.49,1005.69,979.69,785.81
Alandroal,904.16,1530.03,1682.93,1295.59,1174.11,774.63,838.99,882.73,800.63,713.25
Arraiolos,972.03,2137.54,1610.5,1252.73,967.31,777.26,1023.57,828.64,910.83,816.14
Borba,966.21,1538.86,1393.84,1237.96,1029.78,863.82,883.85,844.98,958,805.41
Estremoz,998.18,1590.69,1533.39,1185.85,1004.74,828.64,854.25,950.32,1144.45,815.01
Évora,1122.02,2140.4,1726.75,1438.04,1083.93,850.62,965.92,1057.57,946.07,783.19
Montemor-o-Novo,973.6,1290.51,1403.4,1203.1,1009.57,830.48,860.71,977.09,977.05,792.42
Mora,981.25,1818.31,1428.05,1186.04,1193.58,782.98,815.27,1237.3,1052.51,803.83
Mourão,889.02,1719.08,1257.59,1036.73,948.31,777.93,779.24,750.37,841.34,787.89
Portel,966.02,1872.14,1590.65,1230.08,989.52,769.65,1028.11,760.39,1258.87,812.14
Redondo,967.83,2155.83,1352.32,1224.23,986.18,833.47,871.58,751.33,1281.16,796.24
Reguengos de Monsaraz,937.69,1852.58,1463.03,1148.84,1036.18,826.64,804.06,863.58,881.35,756.09
Vendas Novas,1050.1,2209.11,1687.74,1332.7,1092.79,858.54,828.04,1054.8,915.78,750.2
Viana do Alentejo,908.95,1141.57,1268.6,1062.41,1099.98,753.38,933.12,829.05,956.14,800.59
Vila Viçosa,1065.27,1729.88,1456.52,1387.94,1074.55,823.62,840.36,1061.63,1061.65,780.4
Algarve,1029.01,1861.05,1593.81,1386.83,1049.22,888.05,961.35,926.67,953.63,807.26
Albufeira,1004.45,2068.84,1442.43,1339.25,1053.68,930.43,889.28,992.81,868.97,808.04
Alcoutim,847.69,1447.82,1062.36,975.98,1147.8,708.84,736.74,714.2,964.35,723.59
Aljezur,855.95,1104.08,1244.62,895.9,958.91,765.62,1542.14,817.14,912.24,753.83
Castro Marim,864.92,1308.64,1262.35,1091.01,964.16,779,778.79,814.06,894.12,742.75
Faro,1170.3,2118.61,1763.24,1550.3,1151.36,875.45,787.66,1004.29,977.98,856.83
Lagoa,1029.38,1951.69,1484.19,1379.02,1014.87,914.03,1229.38,938.74,931.75,788.72
Lagos,980.65,1730.81,1406.07,1181.96,1001.89,879.57,900.62,921.25,947.5,822.77
Loulé,1049.61,2086.2,1538.62,1340.51,1067.34,941.42,1011.51,961.47,1024.93,835.39
Monchique,887.89,1955.33,1227.09,1153.14,953.79,780.14,735.36,789.07,899.91,694.63
Olhão,959.95,1573.95,1359.19,1239.14,1002.89,813.67,1170.39,849.75,883.98,771.09
Portimão,1049.22,1904.55,1662.64,1675.54,998.4,872.58,826.63,891.21,1003.96,794.21
São Brás de Alportel,972.33,1278.87,1563.55,1057.35,959.3,787.52,783.77,831.45,973.56,806.27
Silves,953.07,1494.34,1567.26,1220.16,1010,820.61,829.31,840.86,901.81,774.13
Tavira,919.14,1569,1417.19,1197.74,962.92,813.68,795.5,854.28,900.19,766.92
Vila do Bispo,945.38,1728.99,1360.31,1208.94,980.7,865.3,984.68,866,871.36,756.87
Vila Real de Santo António,941.04,1497.91,1619.16,1127.91,981.2,799.71,1265.79,882.7,946.34,769.61
R. A. Açores,1100.47,2072.64,1785.26,1690.98,1112.93,848.38,941.13,900.35,969.88,829.78
Santa Maria,1492.53,1755.59,1565.83,3340.31,1423.52,850.64,700.08,1081.76,1113.71,833.78
Vila do Porto,1492.53,1755.59,1565.83,3340.31,1423.52,850.64,700.08,1081.76,1113.71,833.78
São Miguel,1117.89,2391.2,1812.17,1750.46,1118.87,860.51,970.23,900.7,943.92,815.12
Lagoa (R.A.A.),941.9,2105.82,1479.6,1244.73,958.99,794.54,715.74,791.19,897.3,773.4
Nordeste,860.78,1218.67,1365.46,1001.45,1021.57,809.15,778.68,721.33,766.08,715.31
Ponta Delgada,1205.46,2541.16,1866.58,1946.85,1166.78,885.87,1017.65,954.3,981.25,837.24
Povoação,924.33,2217.65,1415.76,1190.67,982.6,789.55,1474.63,838.81,788.39,742.86
Ribeira Grande,999.26,2143.96,1794.8,1362.35,1039.96,830.22,813.93,869.64,933.73,795.53
Vila Franca do Campo,895.25,1926.59,1343.82,1127.05,905.14,807.35,690.87,898.39,774.1,744.03
Terceira,1057.24,1704.31,1832.29,1290.68,1074.64,822.24,786.39,889.98,972.31,846.04
Angra do Heroísmo,1052.76,1621.37,1899.32,1260.66,1009.41,821.57,729.28,888.09,879.15,793.64
Vila da Praia da Vitória,1067.35,1956.54,1558.6,1353.3,1194.46,823.89,903.4,893.65,1166.94,951.81
Graciosa,1039.07,2134.91,1510.05,1554.02,1316.52,835.2,684.86,908.42,1038.51,852.35
Santa Cruz da Graciosa,1039.07,2134.91,1510.05,1554.02,1316.52,835.2,684.86,908.42,1038.51,852.35
São Jorge,976.85,1407.64,1413.25,1315.57,1121.15,858.78,709.22,833.75,1014.48,795.33
Calheta (R.A.A.),902.67,2245.37,1367.08,1045.06,1012.36,789.43,…,750.03,864.28,742.02
Velas,1015.69,1189.11,1453.99,1424.58,1173.6,895.35,686.08,891.57,1061.09,824.48
Pico,952.63,1263.3,1252.45,1258.7,1083.58,796.75,875.26,883.21,1014.28,830.99
Lajes do Pico,844.16,1203.79,995.68,1141.27,972.41,748.43,716.61,834.27,…,736.68
Madalena,952.98,1241.1,1323.96,1048.41,1117.56,824.21,1070.05,857.3,993.54,831.96
São Roque do Pico,1036.07,1455.39,1294.98,1687.55,1065.19,783.75,713.98,976.52,1066.2,898.82
Faial,1125.82,1834.65,1735.27,1809.36,1059.72,859.18,1407.56,925.68,1137.09,916.96
Horta,1125.82,1834.65,1735.27,1809.36,1059.72,859.18,1407.56,925.68,1137.09,916.96
Flores,1134.2,1259.75,1725.55,2106.87,1172.77,857.59,662.75,1023.19,1079.86,921.34
Lajes das Flores,1029.01,1057.62,1373.72,1892.02,915.24,933.07,…,715.89,1073.32,978.94
Santa Cruz das Flores,1178.4,1401.24,1921.02,2154.61,1303.96,835.54,657,1096.36,1083.59,884.39
Corvo,1089.12,…,1327.67,1477.15,1360.48,730.21,…,919.31,1167.68,893.6
Corvo,1089.12,…,1327.67,1477.15,1360.48,730.21,…,919.31,1167.68,893.6
R. A. Madeira,1130.18,2523.88,1818.85,1473.83,1107.34,850.4,811.9,1060.37,1080.13,863.59
Calheta (R.A.M.),1154.37,2400.54,2427.46,1554.09,1113.21,841.07,832.6,1097.99,1298,922.67
Câmara de Lobos,999.57,2098.78,1522.57,1453.76,1026.84,765.46,722.58,931.82,1006.51,833.71
Funchal,1171.47,2690.62,1844.85,1429.21,1090.88,867.37,861.36,1155.28,1112.41,844.17
Machico,1063.89,2213.05,1792.12,1350.38,1126.84,775.48,787.74,940.44,971.81,921.6
Ponta do Sol,881.12,1544.51,1084.15,1142.2,951.63,724.4,723.97,822.99,1043.22,801.25
Porto Moniz,826.72,2060.7,1815.77,1747.98,1058.62,724.47,…,903.33,738.51,759.38
Ribeira Brava,920.15,2013.33,1330.89,1176.84,936.97,769.37,777.83,855.74,834.94,897.3
Santa Cruz,1116.14,2174.24,1760.82,1796.2,1255.28,905.55,792.08,950.35,962.91,914.38
Santana,883.15,2377.24,1446.78,1141.44,1026.45,748.29,736.31,891.24,806.17,777.94
São Vicente,866.1,1836.64,1283.8,1128.5,1017.27,763.29,724.94,826.13,833.15,761.39
Porto Santo,1175.5,2087.99,1887.24,2246.18,1354.05,861.65,716.06,1454.62,1141.95,1020.25
